imageURL,title,year
https://filman.cc/public/static/poster/big/58934.jpg,Power Rangers: Once & Always / Mighty Morphin Power Rangers: Once & Always,2023
https://filman.cc/public/static/poster/big/58975.jpg,Martwe zło: Przebudzenie / Evil Dead Rise,2023
https://filman.cc/public/static/poster/big/58969.jpg,Wędrująca Ziemia 2 / The Wandering Earth 2 / Liu Lang Di Qiu 2,2023
https://filman.cc/public/static/poster/big/58938.jpg,Quasi,2023
https://filman.cc/public/static/poster/big/58945.jpg,Jeszcze jeden raz / One More Time,2023
https://filman.cc/public/static/poster/big/58946.jpg,Przewodnik po miłości / A Tourist’s Guide to Love,2023
https://filman.cc/public/static/poster/big/7130-series.jpg,Emigracja XD,2023
https://filman.cc/public/static/poster/big/391-series.jpg,The Mandalorian,2019
https://filman.cc/public/static/poster/big/1268-series.jpg,Miasteczko South Park / South Park,1997
https://filman.cc/public/static/poster/big/7237-series.jpg,LOL: Kto się śmieje ostatni,2023
https://filman.cc/public/static/poster/big/6976-series.jpg,True Love PL - EXTRA,2023
https://filman.cc/public/static/poster/big/5275-series.jpg,Stamtąd / From,2022
https://filman.cc/public/static/poster/big/49080.jpg,Wyzwanie,2020
https://filman.cc/public/static/poster/big/565.jpg,Bright,2017
https://filman.cc/public/static/poster/big/58934.jpg,Power Rangers: Once & Always / Mighty Morphin Power Rangers: Once & Always,2023
https://filman.cc/public/static/poster/big/54120.jpg,Venom 2: Carnage / Venom: Let There Be Carnage,2021
https://filman.cc/public/static/poster/big/6545.jpg,Wielki Mike. The Blind Side / The Blind Side,2009
https://filman.cc/public/static/poster/big/48418.jpg,Artemis Fowl,2020
